nov_20_2025	mv01
nov_20_2025	mv01_fa
nov_20_2025	mv02
nov_20_2025	mv02_fa
nov_20_2025	mv03
nov_20_2025	mv03_fa
nov_20_2025	mv04
nov_20_2025	mv04_fa
nov_20_2025	mv05
nov_20_2025	mv05_fa
nov_20_2025	mv06
nov_20_2025	mv06_fa
nov_20_2025	mv07
nov_20_2025	mv07_fa
nov_20_2025	mv08
nov_20_2025	mv08_fa
nov_20_2025	mv09
nov_20_2025	mv09_fa
nov_20_2025	mv10
nov_20_2025	mv10_fa
nov_20_2025	mv11
nov_20_2025	mv11_fa
nov_20_2025	mv12
nov_20_2025	mv12_fa
nov_20_2025	mv13
nov_20_2025	mv13_fa
nov_20_2025	mv14
nov_20_2025	mv14_fa
nov_20_2025	mv15
nov_20_2025	mv15_fa
nov_20_2025	mv16
nov_20_2025	mv16_fa
nov_20_2025	mv17
nov_20_2025	mv17_fa
nov_20_2025	mv18
nov_20_2025	mv18_fa
nov_20_2025	mv19
nov_20_2025	mv19_fa
nov_20_2025	mv20
nov_20_2025	mv20_fa
nov_20_2025	mv21
nov_20_2025	mv21_fa
nov_20_2025	mv22
nov_20_2025	mv22_fa
nov_20_2025	mv23
nov_20_2025	mv23_fa
nov_20_2025	mv24
nov_20_2025	mv24_fa
nov_20_2025	mv25
nov_20_2025	mv25_fa
nov_20_2025	mv26
nov_20_2025	mv26_fa
nov_20_2025	mv27
nov_20_2025	mv27_fa
nov_20_2025	mv28
nov_20_2025	mv28_fa
nov_20_2025	mv29
nov_20_2025	mv29_fa
nov_20_2025	mv30
nov_20_2025	mv30_fa
nov_20_2025	mv31
nov_20_2025	mv31_fa
nov_20_2025	mv32
nov_20_2025	mv32_fa
nov_20_2025	mv33
nov_20_2025	mv33_fa
nov_20_2025	mv34
nov_20_2025	mv34_fa
nov_20_2025	mv35
nov_20_2025	mv35_fa
nov_20_2025	mv36
nov_20_2025	mv36_fa
nov_20_2025	mv37
nov_20_2025	mv37_fa
nov_20_2025	mv38
nov_20_2025	mv38_fa
nov_20_2025	mv39
nov_20_2025	mv39_fa
nov_20_2025	mv40
nov_20_2025	mv40_fa
nov_20_2025	mv41
nov_20_2025	mv41_fa
nov_20_2025	mv42
nov_20_2025	mv42_fa
nov_20_2025	mv43
nov_20_2025	mv43_fa
nov_20_2025	mv44
nov_20_2025	mv44_fa
nov_20_2025	mv45
nov_20_2025	mv45_fa
nov_20_2025	mv46
nov_20_2025	mv46_fa
nov_20_2025	mv47
nov_20_2025	mv47_fa
nov_20_2025	mv48_fa
dec_09_2025	001
dec_09_2025	001_fa
jan_21_2026	003
dec_09_2025	003_fa
dec_09_2025	007
dec_09_2025	007_fa
dec_09_2025	008
dec_09_2025	008_fa
jan_21_2026	011
dec_09_2025	011_fa
jan_21_2026	016
dec_09_2025	016_fa
dec_09_2025	021
dec_09_2025	021_fa
dec_09_2025	022
dec_09_2025	022_fa
dec_09_2025	025
dec_09_2025	025_fa
dec_09_2025	028
dec_09_2025	028_fa
dec_09_2025	032
dec_09_2025	032_fa
dec_09_2025	038
dec_09_2025	038_fa
dec_09_2025	039
dec_09_2025	039_fa
dec_09_2025	040
dec_09_2025	040_fa
dec_09_2025	046
dec_09_2025	046_fa
jan_21_2026	054
dec_09_2025	054_fa
dec_09_2025	062
dec_09_2025	062_fa
dec_09_2025	069
dec_09_2025	069_fa
dec_09_2025	070
dec_09_2025	070_fa
dec_09_2025	076
dec_09_2025	076_fa
dec_09_2025	077
dec_09_2025	077_fa
dec_09_2025	078
dec_09_2025	078_fa
dec_09_2025	079
dec_09_2025	079_fa
dec_09_2025	080
dec_09_2025	080_fa
dec_09_2025	086
dec_09_2025	086_fa
dec_09_2025	087
dec_09_2025	087_fa
dec_09_2025	088
dec_09_2025	088_fa
dec_09_2025	094
dec_09_2025	094_fa
dec_09_2025	099
dec_09_2025	099_fa
dec_09_2025	100
dec_09_2025	100_fa
dec_09_2025	101
dec_09_2025	101_fa
dec_09_2025	104
dec_09_2025	104_fa
dec_09_2025	105
dec_09_2025	105_fa
dec_09_2025	108
dec_09_2025	108_fa
dec_09_2025	109
dec_09_2025	109_fa
dec_09_2025	110
dec_09_2025	110_fa
dec_09_2025	111
dec_09_2025	111_fa
dec_09_2025	113
dec_09_2025	113_fa
dec_09_2025	115
dec_09_2025	115_fa
dec_09_2025	125
dec_09_2025	125_fa
dec_09_2025	128
dec_09_2025	128_fa
dec_09_2025	132
dec_09_2025	132_fa
dec_09_2025	134
dec_09_2025	134_fa
dec_09_2025	137
dec_09_2025	137_fa
dec_09_2025	141
dec_09_2025	141_fa
dec_09_2025	146
dec_09_2025	146_fa
dec_09_2025	148
dec_09_2025	148_fa
dec_11_2025	151
dec_11_2025	151_fa
dec_11_2025	155
dec_11_2025	155_fa
dec_11_2025	158
dec_11_2025	158_fa
dec_11_2025	161
dec_11_2025	161_fa
dec_11_2025	163
dec_11_2025	163_fa
dec_11_2025	168
dec_11_2025	168_fa
dec_11_2025	170
dec_11_2025	170_fa
dec_11_2025	171
dec_11_2025	171_fa
dec_11_2025	172
dec_11_2025	172_fa
dec_11_2025	173
dec_11_2025	173_fa
dec_11_2025	175
dec_11_2025	175_fa
dec_11_2025	177
dec_11_2025	177_fa
dec_11_2025	178
dec_11_2025	178_fa
dec_11_2025	179
dec_11_2025	179_fa
jan_21_2026	185
dec_11_2025	185_fa
dec_11_2025	190
dec_11_2025	190_fa
dec_11_2025	191
dec_11_2025	191_fa
dec_11_2025	192
dec_11_2025	192_fa
dec_11_2025	194
dec_11_2025	194_fa
dec_11_2025	196
dec_11_2025	196_fa
dec_11_2025	197
dec_11_2025	197_fa
dec_11_2025	199
dec_11_2025	199_fa
dec_11_2025	204
dec_11_2025	204_fa
dec_11_2025	217
dec_11_2025	217_fa
dec_11_2025	223
dec_11_2025	223_fa
dec_11_2025	225
dec_11_2025	225_fa
dec_11_2025	226
dec_11_2025	226_fa
dec_11_2025	227
dec_11_2025	227_fa
dec_11_2025	231
dec_11_2025	231_fa
dec_11_2025	235
dec_11_2025	235_fa
dec_11_2025	239
dec_11_2025	239_fa
dec_11_2025	243
dec_11_2025	243_fa
dec_11_2025	249
dec_11_2025	249_fa
dec_11_2025	250
dec_11_2025	250_fa
dec_11_2025	251
dec_11_2025	251_fa
dec_11_2025	255
dec_11_2025	255_fa
dec_11_2025	258
dec_11_2025	258_fa
dec_11_2025	262
dec_11_2025	262_fa
dec_11_2025	265
dec_11_2025	265_fa
dec_11_2025	267
dec_11_2025	267_fa
dec_11_2025	268
dec_11_2025	268_fa
dec_11_2025	270
dec_11_2025	270_fa
dec_11_2025	271
dec_11_2025	271_fa
dec_11_2025	274
dec_11_2025	274_fa
dec_11_2025	276
dec_11_2025	276_fa
dec_11_2025	277
dec_11_2025	277_fa
dec_11_2025	278
dec_11_2025	278_fa
dec_18_2025	279
dec_18_2025	279_fa
dec_18_2025	280
dec_18_2025	280_fa
dec_18_2025	281
dec_18_2025	281_fa
dec_18_2025	286
dec_18_2025	286_fa
dec_18_2025	288
dec_18_2025	288_fa
dec_18_2025	290
dec_18_2025	290_fa
dec_18_2025	292
dec_18_2025	292_fa
dec_18_2025	293
dec_18_2025	293_fa
dec_18_2025	295
dec_18_2025	295_fa
dec_18_2025	300
dec_18_2025	300_fa
dec_18_2025	303
dec_18_2025	303_fa
dec_18_2025	304
dec_18_2025	304_fa
dec_18_2025	309
dec_18_2025	309_fa
dec_18_2025	310
dec_18_2025	310_fa
dec_18_2025	312
dec_18_2025	312_fa
dec_18_2025	318
dec_18_2025	318_fa
dec_18_2025	323
dec_18_2025	323_fa
dec_18_2025	325
dec_18_2025	325_fa
dec_18_2025	327
dec_18_2025	327_fa
dec_18_2025	329
dec_18_2025	329_fa
dec_18_2025	338
dec_18_2025	338_fa
dec_18_2025	340
dec_18_2025	340_fa
dec_18_2025	343
dec_18_2025	343_fa
dec_18_2025	346
dec_18_2025	346_fa
dec_18_2025	353
dec_18_2025	353_fa
dec_18_2025	356
dec_18_2025	356_fa
dec_18_2025	362
dec_18_2025	362_fa
dec_18_2025	363
dec_18_2025	363_fa
dec_18_2025	364
dec_18_2025	364_fa
dec_18_2025	365
dec_18_2025	365_fa
dec_18_2025	367
dec_18_2025	367_fa
dec_18_2025	369
dec_18_2025	369_fa
dec_18_2025	373
dec_18_2025	373_fa
dec_18_2025	379
dec_18_2025	379_fa
dec_18_2025	380
dec_18_2025	380_fa
dec_18_2025	381
dec_18_2025	381_fa
dec_18_2025	384
dec_18_2025	384_fa
dec_18_2025	385
dec_18_2025	385_fa
dec_18_2025	395
dec_18_2025	395_fa
dec_18_2025	399
dec_18_2025	399_fa
dec_18_2025	401
dec_18_2025	401_fa
dec_18_2025	402
dec_18_2025	402_fa
dec_18_2025	403
dec_18_2025	403_fa
dec_18_2025	404
dec_18_2025	404_fa
dec_18_2025	405
dec_18_2025	405_fa
dec_18_2025	420
dec_18_2025	420_fa
dec_18_2025	422
dec_18_2025	422_fa
dec_19_2025	554
dec_19_2025	554_fa
dec_19_2025	562
dec_19_2025	562_fa
dec_19_2025	564
dec_19_2025	564_fa
dec_19_2025	567
dec_19_2025	567_fa
dec_19_2025	572
dec_19_2025	572_fa
dec_19_2025	575
dec_19_2025	575_fa
dec_19_2025	577
dec_19_2025	577_fa
dec_19_2025	579
dec_19_2025	579_fa
dec_19_2025	583
dec_19_2025	583_fa
dec_19_2025	587
dec_19_2025	587_fa
dec_19_2025	591
dec_19_2025	591_fa
dec_19_2025	594
dec_19_2025	594_fa
dec_19_2025	601
dec_19_2025	601_fa
dec_19_2025	604
dec_19_2025	604_fa
dec_19_2025	608
dec_19_2025	608_fa
dec_19_2025	626
dec_19_2025	626_fa
dec_19_2025	637
dec_19_2025	637_fa
dec_19_2025	640
dec_19_2025	640_fa
dec_19_2025	656
dec_19_2025	656_fa
jan_21_2026	659
dec_19_2025	659_fa
dec_19_2025	665
dec_19_2025	665_fa
dec_19_2025	666
dec_19_2025	666_fa
dec_19_2025	667
dec_19_2025	667_fa
dec_19_2025	675
dec_19_2025	675_fa
dec_19_2025	676
dec_19_2025	676_fa
dec_19_2025	685
dec_19_2025	685_fa
dec_19_2025	692
dec_19_2025	692_fa
dec_19_2025	706
dec_19_2025	706_fa
dec_19_2025	707
dec_19_2025	707_fa
dec_19_2025	708
dec_19_2025	708_fa
dec_19_2025	713
dec_19_2025	713_fa
jan_21_2026	715
dec_19_2025	715_fa
dec_19_2025	716
dec_19_2025	716_fa
dec_19_2025	717
dec_19_2025	717_fa
dec_19_2025	721
dec_19_2025	721_fa
dec_19_2025	732
dec_19_2025	732_fa
dec_19_2025	750
dec_19_2025	750_fa
dec_19_2025	752
dec_19_2025	752_fa
dec_19_2025	758
dec_19_2025	758_fa
dec_19_2025	766
dec_19_2025	766_fa
dec_19_2025	767
dec_19_2025	767_fa
dec_19_2025	773
dec_19_2025	773_fa
dec_19_2025	775
dec_19_2025	775_fa
dec_19_2025	777
dec_19_2025	777_fa
dec_19_2025	783
dec_19_2025	783_fa
dec_19_2025	785
dec_19_2025	785_fa
dec_19_2025	790
dec_19_2025	790_fa
jan_15_2026	793
jan_15_2026	793_fa
jan_15_2026	794
jan_15_2026	794_fa
jan_21_2026	795
jan_15_2026	795_fa
jan_15_2026	796
jan_15_2026	796_fa
jan_15_2026	798
jan_15_2026	798_fa
jan_15_2026	804
jan_15_2026	804_fa
jan_15_2026	810
jan_15_2026	810_fa
jan_15_2026	811
jan_15_2026	811_fa
jan_15_2026	813
jan_15_2026	813_fa
jan_15_2026	818
jan_15_2026	818_fa
jan_15_2026	820
jan_15_2026	820_fa
jan_15_2026	824
jan_15_2026	824_fa
jan_15_2026	825
jan_15_2026	825_fa
jan_15_2026	832
jan_15_2026	832_fa
jan_15_2026	836
jan_15_2026	836_fa
jan_15_2026	843
jan_15_2026	843_fa
jan_15_2026	848
jan_15_2026	848_fa
jan_15_2026	855
jan_15_2026	855_fa
jan_15_2026	863
jan_15_2026	863_fa
jan_15_2026	872
jan_15_2026	872_fa
jan_15_2026	873
jan_15_2026	873_fa
jan_15_2026	874
jan_15_2026	874_fa
jan_15_2026	879
jan_15_2026	879_fa
jan_15_2026	880
jan_15_2026	880_fa
jan_15_2026	885
jan_15_2026	885_fa
jan_15_2026	891
jan_15_2026	891_fa
jan_15_2026	895
jan_15_2026	895_fa
jan_15_2026	900
jan_15_2026	900_fa
jan_15_2026	902
jan_15_2026	902_fa
jan_15_2026	907
jan_15_2026	907_fa
jan_15_2026	912
jan_15_2026	912_fa
jan_15_2026	914
jan_15_2026	914_fa
jan_15_2026	916
jan_15_2026	916_fa
jan_15_2026	919
jan_15_2026	919_fa
jan_15_2026	924
jan_15_2026	924_fa
jan_15_2026	925
jan_15_2026	925_fa
jan_15_2026	926
jan_15_2026	926_fa
jan_15_2026	928
jan_15_2026	928_fa
jan_15_2026	930
jan_15_2026	930_fa
jan_21_2026	mv49
jan_21_2026	mv50
jan_21_2026	mv51
jan_21_2026	mv52
jan_21_2026	mv53
jan_21_2026	mv54
jan_21_2026	mv55
jan_21_2026	mv56
jan_21_2026	mv57
jan_21_2026	mv58
jan_21_2026	mv59
jan_21_2026	mv60
jan_21_2026	mv61
jan_21_2026	mv49_fa
jan_21_2026	mv50_fa
jan_21_2026	mv51_fa
jan_21_2026	mv52_fa
jan_21_2026	mv53_fa
jan_21_2026	mv54_fa
jan_21_2026	mv55_fa
jan_21_2026	mv56_fa
jan_21_2026	mv57_fa
jan_21_2026	mv58_fa
jan_21_2026	mv59_fa
jan_21_2026	mv60_fa
feb_10_2026	mv62
feb_10_2026	mv63
feb_10_2026	mv64
feb_10_2026	mv65
feb_10_2026	mv66
feb_10_2026	mv67
feb_10_2026	mv68
feb_10_2026	mv69
feb_10_2026	mv70
feb_10_2026	mv71
feb_10_2026	mv72
feb_10_2026	mv73
feb_10_2026	mv74
feb_10_2026	mv75
feb_10_2026	mv76
feb_10_2026	mv77
feb_10_2026	mv78
feb_10_2026	mv79
feb_10_2026	mv80
feb_10_2026	mv81
feb_10_2026	mv82
feb_10_2026	mv83
feb_10_2026	mv84
feb_10_2026	mv85
feb_10_2026	mv86
feb_10_2026	mv87
feb_10_2026	mv88
feb_10_2026	mv89
feb_10_2026	mv90
feb_10_2026	mv91
feb_10_2026	mv92
feb_10_2026	mv93
feb_10_2026	mv94
feb_10_2026	mv95
feb_10_2026	mv96
feb_10_2026	mv97
feb_10_2026	mv98
feb_10_2026	mv99
feb_10_2026	mv100
feb_10_2026	mv101
feb_10_2026	mv102
feb_10_2026	mv103
feb_10_2026	mv104
feb_10_2026	mv105
feb_10_2026	mv106
feb_10_2026	mv107
feb_10_2026	mv108
feb_10_2026	mv62_fa
feb_10_2026	mv63_fa
feb_10_2026	mv64_fa
feb_10_2026	mv65_fa
feb_10_2026	mv66_fa
feb_10_2026	mv67_fa
feb_10_2026	mv68_fa
feb_10_2026	mv69_fa
feb_10_2026	mv70_fa
feb_10_2026	mv71_fa
feb_10_2026	mv72_fa
feb_10_2026	mv73_fa
feb_10_2026	mv74_fa
feb_10_2026	mv75_fa
feb_10_2026	mv76_fa
feb_10_2026	mv77_fa
feb_10_2026	mv78_fa
feb_10_2026	mv79_fa
feb_10_2026	mv80_fa
feb_10_2026	mv81_fa
feb_10_2026	mv82_fa
feb_10_2026	mv83_fa
feb_10_2026	mv84_fa
feb_10_2026	mv85_fa
feb_10_2026	mv86_fa
feb_10_2026	mv87_fa
feb_10_2026	mv88_fa
feb_10_2026	mv89_fa
feb_10_2026	mv90_fa
feb_10_2026	mv91_fa
feb_10_2026	mv92_fa
feb_10_2026	mv93_fa
feb_10_2026	mv94_fa
feb_10_2026	mv95_fa
feb_10_2026	mv96_fa
feb_10_2026	mv97_fa
feb_10_2026	mv98_fa
feb_10_2026	mv99_fa
feb_10_2026	mv100_fa
feb_10_2026	mv101_fa
feb_10_2026	mv102_fa
feb_10_2026	mv103_fa
feb_10_2026	mv104_fa
feb_10_2026	mv105_fa
feb_10_2026	mv106_fa
feb_10_2026	mv107_fa
feb_10_2026	mv108_fa
feb_10_2026	mv109_fa